{
    "lifetime": {
		"min": 0.2,
		"max": 0.8
	},
    "angle": 360,
    "angleVariance": 360,
    "blendFuncDestination": 1,
    "blendFuncSource": 2,
    "duration": -1,
    "emitterType": 0,
    "finishColorAlpha": 0.8399999737739563,
    "finishColorBlue": 0.0771484375,
    "finishColorGreen": 0.6349284052848816,
    "finishColorRed": 0.6808268427848816,
    "finishColorVarianceAlpha": 0.7400000095367432,
    "finishColorVarianceBlue": 0.9800000190734863,
    "finishColorVarianceGreen": 0.9800000190734863,
    "finishColorVarianceRed": 0.41999998688697815,
    "finishParticleSize": 30.31999969482422,
    "finishParticleSizeVariance": 0,
    "gravityx": 0.25,
    "gravityy": 0.8600000143051147,
    "maxParticles": 200,
    "maxRadius": 100,
    "maxRadiusVariance": 0,
    "minRadius": 0,
    "particleLifespan": 0.20000000298023224,
    "particleLifespanVariance": 0.5,
    "radialAccelVariance": 65.79000091552734,
    "radialAcceleration": -671.0499877929688,
    "rotatePerSecond": 0,
    "rotatePerSecondVariance": 0,
    "rotationEnd": -47.369998931884766,
    "rotationEndVariance": -142.11000061035156,
    "rotationStart": -47.369998931884766,
    "rotationStartVariance": 0,
    "sourcePositionVariancex": 7,
    "sourcePositionVariancey": 7,
    "sourcePositionx": 373.7277526855469,
    "sourcePositiony": 478.40472412109375,
    "speed": 0,
    "speedVariance": 190.7899932861328,
    "startColorAlpha": 0.6399999856948853,
    "startColorBlue": 0.3375650942325592,
    "startColorGreen": 0.7879231572151184,
    "startColorRed": 0.794921875,
    "startColorVarianceAlpha": 0.7799999713897705,
    "startColorVarianceBlue": 0.6800000071525574,
    "startColorVarianceGreen": 1,
    "startColorVarianceRed": 0.8999999761581421,
    "startParticleSize": 3.369999885559082,
    "startParticleSizeVariance": 50,
    "tangentialAccelVariance": 65.79000091552734,
    "tangentialAcceleration": -92.11000061035156,
    "textureFileName": "atom.png"
}
